<?xml-model href="Relax3.rnc" type="application/relax-ng-compact-syntax"?>
<recipes>
    <recipe id="taco1">
        <title>Chicken Taco Casserole</title>
        
        <ingredients>
            <ingredient quantity="4" unit="cups">shredded chicken</ingredient>
            <ingredient quantity="4" unit="ounces">mild green chiles (1 can)</ingredient>
            <ingredient quantity="2" unit="1-ounce packets">taco seasoning, divided</ingredient>
            <ingredient quantity="1" unit="pound">shredded colby jack cheese, divided</ingredient>
            <ingredient quantity="2" unit="tablespoons">olive oil</ingredient>
            <ingredient quantity="1" unit="medium">yellow onion, diced</ingredient>
            <ingredient quantity="0.5" unit="teaspoon">kosher salt</ingredient>
            <ingredient quantity="1.5" unit="cups">corn kernels</ingredient>
            <ingredient quantity="15" unit="ounces">black beans, drained and rinsed</ingredient>
            <ingredient quantity="14" unit="ounces">fire-roasted diced tomatoes</ingredient>
            <ingredient quantity="12" unit="6-inch">corn tortillas</ingredient>
            <ingredient quantity="8">crispy tostadas</ingredient>
            <ingredient>Sour cream, for serving</ingredient>
            <ingredient>Chopped cilantro, for serving</ingredient>
        </ingredients>
        
        <method>
            <step number="1">Preheat the oven to 400˚F.</step>
            <step number="2">
                Make the chicken filling: Mix the shredded chicken with the green chiles, 
                1 taco seasoning packet, and a third of the shredded cheese. Set aside.
            </step>
            <step number="3">
                Cook the vegetable filling: In a large skillet, add olive oil and onion. 
                Season with the salt and second taco seasoning packet and cook until onions soften.
                Add corn, black beans, and fire-roasted tomatoes. Stir in a third of remaining cheese.
            </step>
            <step number="4">
                Assemble the casserole: Line a 9x13-inch baking dish with tostadas. 
                Layer chicken filling, cover with 6 corn tortillas, add black bean mixture, 
                cover with remaining tortillas, and sprinkle with remaining cheese.
            </step>
            <step number="5">Bake uncovered for 30 minutes until bubbling and top is crispy. Cool 5 minutes.</step>
            <step number="6">Serve with sour cream and cilantro. Refrigerate leftovers up to 5 days or freeze up to 3 months.</step>
        </method>
    </recipe>
</recipes>
